X_Temperature,X_Humidity,X_Altitude,X_ClimaticConditions,X_RestTimeFromLastMatch,X_AvgPlayerValue,X_MatchRelevance,X_AvgGoalConcededLastMatches,X_SupportersImpact,X_OpposingSupportersImpact
0.3,0.380147456543065,0.0772988505747126,0.397564723230933,1,0.62580333117104,0.47364854384716,0.338074859029462,0.450547991939306,0.321662382898901
0.533333333333333,0.150444881052948,0.900574712643678,0.476143343718074,1,0.0246814701289989,0.498009770051104,0.67111654953098,0.519824783611773,0.697379515945622