X_Temperature,X_Humidity,X_Altitude,X_ClimaticConditions,X_RestTimeFromLastMatch,X_AvgPlayerValue,X_MatchRelevance,X_AvgGoalConcededLastMatches,X_SupportersImpact,X_OpposingSupportersImpact
0.3,0.380147456543065,0.0772988505747126,0.397564723230933,1,0.62580333117104,0.47364854384716,0.338074859029462,0.450547991939306,0.321662382898901
0.9,0.317123672701382,0.84683908045977,0.451115609622103,0.857142857142857,0.0620424925095289,0.435076967575979,0.0523663190627388,0.658580903924236,0.505602711104206
